value,count
GOST/TU-Extended,426
Crucible,60
AISI (Austenitic),38
Bohler,27
Erasteel,26
Carpenter,16
BS EN 10302-2008,14
SIHard,13
GB/T 1299-1985,11
GMH Proprietary,11
GOST,8
BS-EN-ISO-4957:2000,7
DIN/EN,7
SIRapid,7
TG Proprietary,7
INCONEL,6
Aogami,5
CTS,5
Heye Proprietary,5
LO-K,5
LSS,5
Ravne,5
Weld Mold,5
ASTM/EN,4
Assab,4
CPM,4
DIN,4
GOST 1050-88,4
Hitachi Proprietary,4
INCOLOY,4
LO-S,4
Rovalma Proprietary,4
DIN 1.2067,3
DIN 1.4034,3
DIN 1.7218,3
DIN 1.7225,3
GOST У10А,3
H&R,3
Hastalloy,3
MONEL,3
Nimonic,3
Uddeholm,3
20C Shock Absorber,2
A11 LVC,2
A11 Mod,2
Aldo W2,2
Amtek D2,2
Aogami 2,2
Atlas,2
BS,2
CROMOVA 18,2
Cronidur 30,2
Cyclops,2
DIN 1.2080,2
DIN 1.2379,2
DIN 1.6582,2
DIN 1.7220,2
Double Six,2
DuraTech,2
DuraTech 20CV,2
DuraTech 30,2
DuraTech 420PM,2
DuraTech M4,2
DuraTech Mega4,2
DuraTech Nine,2
Ergste,2
Hampden Tool Steel,2
ISO -,2
L6 Bainite,2
LO-QPM A11,2
LO-QPM M4,2
LSS L6,2
LSS MGR,2
LSS O1,2
LSS Vertex,2
Labelle Silicon 2,2
Lukens,2
M390 MicroClean,2
Maximum Special,2
Micro-Melt,2
Micro-Melt 23,2
Micro-Melt 420-CW,2
Micro-Melt A11,2
Micro-Melt M4,2
Micro-Melt M42,2
Micro-Melt M48,2
Micro-Melt M62,2
Micro-Melt PD1,2
N690 ISOEXTRA,2
No. 484,2
PM A11,2
PM M4,2
PMC 27,2
PMD M4,2
Rapidur,2
S693 MICROCLEAN,2
S7 XL,2
SB Wear,2
Shirogami,2
Shirogami 1,2
Shirogami 1B,2
Shirogami 2,2
Shirogami 2A,2
Shirogami 2B,2
Stellapur PM7,2
Super Star,2
T.E.M.,2
TG,2
Takefu,2
Tatmo VN,2
Thyssen,2
Uginox MA4,2
Vasco Die,2
Z-A11 PM,2
#50,1
#55,1
#60,1
#70,1
#75,1
#80,1
#85,1
0170-6,1
0170-6C,1
09B,1
1.1563.01,1
1.2379Mod,1
1.4153.03,1
1.4362,1
1.4424,1
1.4477,1
100MCW4,1
1080+,1
1095 Cro-Van,1
1095CV,1
110X18MSHD,1
125SC,1
125V,1
12C27M,1
12C27Mod,1
14-4CrMo,1
154CM,1
1655,1
1770,1
1778,1
19133,1
19191,1
19192PH,1
19221,1
19313,1
19314,1
19419,1
19437,1
19559PH,1
19569,1
19571PH,1
19574,1
19852,1
1Cr18Mn8Ni5N,1
2002 Extra,1
20AP,1
20CP,1
20CV,1
259,1
25CD4,1
25ХМ,1
2723,1
2725,1
2782,1
2Cr13,1
2Cr14Mo,1
2P,1
3-C Special,1
30CrMoA,1
30XMA,1
32S,1
35VN,1
3Cr13,1
3G,1
3V,1
40X10S2M,1
420 Plus,1
420CW,1
420MoV,1
420Mod,1
440V,1
44B,1
4Cr13,1
4Cr13Mo,1
4Cr15MoVNi,1
4Ч2ВС,1
50100B,1
50110B,1
50CrMoV13-1,1
50LAR,1
55CrNiMoV5,1
56D,1
5Cr15MoV,1
5Cr3Mn1SiMo1,1
5ХНВС,1
5ХНМ,1
6-5-3,1
609,1
60ГА,1
66HS,1
67Chisel,1
67Tap,1
68ГА,1
6N6M-2,1
70,1
70CS,1
70HS,1
75А,1
7Cr17,1
7Cr17MoV,1
80CS,1
80CrV2,1
80HS,1
8Cr17,1
90MCV8,1
90MCW5,1
95CS,1
95Cr18,1
95HS,1
9Cr18MoV,1
9CrWMn,1
9Н5ВФ,1
A10,1
A11,1
A18,1
A3,1
A4,1
A50,1
A6,1
A7,1
A8,1
A9,1
ACD37,1
AF70C55,1
AH Chrome Die,1
AH5,1
AISI 030A52,1
AISI 050A20,1
AISI 050A86,1
AISI 055M15,1
AISI 060A52,1
AISI 060A57,1
AISI 060A62,1
AISI 060A67,1
AISI 060A78,1
AISI 060A83,1
AISI 060A96,1
AISI 060A99,1
AISI 070A72,1
AISI 070A78,1
AISI 070M55,1
AISI 080A40,1
AISI 080A62,1
AISI 080A67,1
AISI 080A72,1
AISI 080A86,1
AISI 080M30,1
AISI 080M36,1
AISI 080M40,1
AISI 080M46,1
AISI 080M50,1
AISI 100C2,1
AISI 100C3,1
AISI 100C6,1
AISI 100V1,1
AISI 1050,1
AISI 1060,1
AISI 1070,1
AISI 1074,1
AISI 1075,1
AISI 1080,1
AISI 1084,1
AISI 1090,1
AISI 1095,1
AISI 10H13,1
AISI 10X13,1
AISI 110X18,1
AISI 115W8,1
AISI 120M36,1
AISI 120W4,1
AISI 12C27,1
AISI 12X1,1
AISI 12X13,1
AISI 12X17,1
AISI 130C3,1
AISI 135C3,1
AISI 13C26,1
AISI 140C10,1
AISI 142W13,1
AISI 145V33,1
AISI 15N20,1
AISI 19C27,1
AISI 1C22,1
AISI 1C50,1
AISI 1H13,1
AISI 1K11,1
AISI 1K6,1
AISI 1K7,1
AISI 1K8,1
AISI 1K9,1
AISI 20H13,1
AISI 20X13,1
AISI 250A53,1
AISI 250A58,1
AISI 251A58,1
AISI 25C8,1
AISI 26C3,1
AISI 2C22,1
AISI 2C60,1
AISI 2H13,1
AISI 2S117,1
AISI 2S119,1
AISI 303S31,1
AISI 304S15,1
AISI 304S16,1
AISI 304S17,1
AISI 30C8,1
AISI 30X13,1
AISI 316S13,1
AISI 316S26,1
AISI 320S17,1
AISI 320S31,1
AISI 320S33,1
AISI 35C4,1
AISI 3C45,1
AISI 3C55,1
AISI 3H13,1
AISI 3S95,1
AISI 40C8,1
AISI 40X13,1
AISI 410S21,1
AISI 4130,1
AISI 416S21,1
AISI 420,1
AISI 420J1,1
AISI 420J2,1
AISI 420S37,1
AISI 420S45,1
AISI 42C2,1
AISI 42C4,1
AISI 430S15,1
AISI 430S17,1
AISI 434S17,1
AISI 440A,1
AISI 440B,1
AISI 440C,1
AISI 45C2,1
AISI 45C8,1
AISI 4H13,1
AISI 50C4,1
AISI 50C8,1
AISI 527A60,1
AISI 527H60,1
AISI 530A40,1
AISI 530H40,1
AISI 530M40,1
AISI 534A99,1
AISI 535A99,1
AISI 55C2,1
AISI 55C3,1
AISI 55C8,1
AISI 55S2,1
AISI 55S7,1
AISI 5C2,1
AISI 5S2,1
AISI 60C2,1
AISI 60C4,1
AISI 60S7,1
AISI 653M31,1
AISI 65S7,1
AISI 65X13,1
AISI 6C27,1
AISI 6F7,1
AISI 708H45,1
AISI 708M40,1
AISI 735A50,1
AISI 735A51,1
AISI 735H51,1
AISI 735M50,1
AISI 7X3,1
AISI 817M40,1
AISI 823M30,1
AISI 8N2,1
AISI 95V4,1
AISI 95X18,1
AISI 9X2,1
AISI A2,1
AISI D2,1
AISI D3,1
AISI M1,1
AISI M2,1
AISI M3,1
AISI M310,1
AISI M340,1
AISI M35,1
AISI M390,1
AISI M4,1
AISI M42,1
AISI M48,1
AISI M62,1
AISI M63,1
AISI M7,1
AISI M841,1
AISI O1,1
AK2 Special,1
AK4R,1
AL-158,1
AL7,1
AMAGNIT,1
ARGESTE,1
ARS,1
ASK-1100,1
ASTM B160,1
ASTM B162,1
ATS-34,1
ATS34,1
AUS60,1
Air Hard,1
Air-True,1
Air4,1
AirMo,1
AirPro,1
AirTem,1
AirTrueLC,1
Aircool,1
Airdi,1
Airkool,1
Airkool-S,1
Airkool-V,1
Airloy,1
Airque,1
Ajax,1
Albany,1
Alco-M,1
Alco-S,1
Aldos W2,1
Alloy Pivot,1
Alloy-B,1
Alloy10,1
AlloyC,1
Alpha1,1
Alpha2,1
Alpha3,1
Alpha4,1
Alpha7,1
Alva Extra,1
Alvar14,1
Aogami 1,1
Aogami 1A,1
Aogami 1B,1
Aogami 2A,1
Aogami 2B,1
Aogami Super,1
Aoichiko,1
Aoko 1,1
Aoko 2,1
Aoniko,1
Apache,1
Aristocrat,1
Arne,1
Athra Rim Roll,1
Atlas Refined-10,1
Atlas Spec.Alloy,1
Atlas X-10,1
Atmodie,1
Atomodie5,1
B10,1
B36,1
B67,1
B79,1
B80,1
B94,1
B98,1
BA6,1
BC115,1
BCC,1
BCD,1
BCW,1
BD1N,1
BD2,1
BD3,1
BD30P,1
BD6,1
BD7,1
BE2379,1
BE2436,1
BE4034,1
BFD,1
BFR40,1
BG-42,1
BG42,1
BH224-5,1
BM1,1
BM2,1
BM4,1
BM42,1
BO1,1
BO2,1
BR-4 FM,1
BR2,1
BRM1,1
BSC,1
BSW30,1
BTR,1
BW1,1
BW2,1
BX-3,1
Badger,1
Bearcat,1
Bearing Cr-Mo,1
Bearing Std.,1
Benum Plus,1
Best,1
Best Va Tool,1
Bethalloy,1
Bimax42+,1
Black Diamond,1
Blanco M1,1
Blanco M3,1
Blanco RCM,1
Blue 1,1
Blue 2,1
Blue Label,1
Blue Super,1
Bohler Proprietary,1
Braefour,1
Braemax,1
Braemrow,1
Braevan,1
Breda CMC,1
Brickmold,1
Buderus,1
Buster,1
C-655Co,1
C-70,1
C-CR,1
C.1680,1
C.1832,1
C.1837,1
C.1842,1
C.1941,1
C.1942,1
C.3840,1
C.4141,1
C.4150,1
C.4172,1
C.4650,1
C.4730,1
C.4755,1
C.4756,1
C.4758,1
C.4770,1
C.4772,1
C.4850,1
C.4851,1
C.5741,1
C.7880,1
C.8140,1
C.9780,1
C100,1
C100KU,1
C100W1,1
C102,1
C105W1,1
C120,1
C125SC,1
C36KU,1
C50D,1
C55,1
C655Co,1
C67,1
C70E,1
C72D,1
C75,1
C78D,1
C90,1
C92D,1
C98KU,1
CCM,1
CCW,1
CDS-18,1
CDS1,1
CDS11,1
CDS12,1
CDV2,1
CFS,1
CH,1
CH16V,1
CH17Co,1
CHD1,1
CHW,1
CK100,1
CK101,1
CK55,1
CK60,1
CK67,1
CK75,1
CK85,1
CM60,1
CNBD,1
CNS3,1
CP10V,1
CPPCX,1
CPPU,1
CPV2,1
CPW,1
CRD,1
CRM,1
CRM1,1
CRP,1
CRP01,1
CRV1,1
CRV2,1
CRVSilberstahl,1
CS13M,1
CS13M Extra,1
CSM,1
CSM420,1
CSM6,1
CSP,1
CSW20,1
CTS-20CP,1
CTS-B75,1
CTS-B75P,1
CTS-BD1N,1
CTS-BD30P,1
CTS-BD4,1
CTS-BD4P,1
CV134,1
CWL,1
Calmax,1
Capital562,1
Carb-Van,1
Carbon,1
Carbon Chrome,1
Carbon V,1
Carbon-V,1
Carbon-Vanadium,1
Caroga,1
Carrs P576,1
Champaloy,1
Chipper,1
Chromeware,1
Chronifer M15KL,1
Chronifer M17B,1
Chronifer M17C,1
ClairMo,1
Cobalt Chrome,1
Col-Graph,1
Colonial,1
Colonial No. 6,1
Colonial No. 7,1
Columbia L-2,1
Commando,1
Coracid4112,1
Coracid420,1
Coracid420-46,1
Coracid440B,1
Corsair,1
Cowry-X,1
Cowry-Y,1
Cr-Mo-Loy,1
Cr12,1
Cr12Mo1V,1
Cr12W,1
CrW46,1
Cro-Van,1
Crocar,1
Croloy,1
Cromax PM,1
Cromax(PM),1
Cromax-PM,1
Cromodie,1
Cromodie HC,1
Cromovan,1
Cronidur 30 EVO,1
Cronidur30,1
Cronidur30 EVO,1
Crow,1
Crown Superb,1
Cru Forge V,1
Cru-Wear,1
CruWear,1
Crusader,1
Cryodur2357,1
Cryodur2833,1
Cryodur2842,1
Cuvoir,1
Cyclone92,1
Cyclops L6,1
Cyclops S1,1
D2 Mod,1
D29,1
D2E,1
D2Mod,1
D4,1
D5,1
D6,1
D7,1
D75-2,1
D80-2,1
D80-3,1
D83-2,1
D83-3,1
D85-2,1
D95-2,1
D95S3,1
DAP,1
DAP DC11,1
DBL3,1
DBL4,1
DC Extra,1
DC1,1
DC11,1
DC12,1
DC53,1
DCM,1
DEX40,1
DF2,1
DF3,1
DF35,1
DF42,1
DF6,1
DIN 1.0402,1
DIN 1.0503,1
DIN 1.0535,1
DIN 1.0540,1
DIN 1.0586,1
DIN 1.0601,1
DIN 1.0603,1
DIN 1.0605,1
DIN 1.0614,1
DIN 1.0615,1
DIN 1.0616,1
DIN 1.0617,1
DIN 1.0618,1
DIN 1.0620,1
DIN 1.0622,1
DIN 1.0626,1
DIN 1.0627,1
DIN 1.0628,1
DIN 1.0643,1
DIN 1.0645,1
DIN 1.0647,1
DIN 1.0655,1
DIN 1.0761,1
DIN 1.0904,1
DIN 1.0909,1
DIN 1.1151,1
DIN 1.1171,1
DIN 1.1178,1
DIN 1.1181,1
DIN 1.1186,1
DIN 1.1191,1
DIN 1.1193,1
DIN 1.1201,1
DIN 1.1203,1
DIN 1.1204,1
DIN 1.1206,1
DIN 1.1209,1
DIN 1.1211,1
DIN 1.1213,1
DIN 1.1221,1
DIN 1.1223,1
DIN 1.1230,1
DIN 1.1231,1
DIN 1.1232,1
DIN 1.1237,1
DIN 1.1241,1
DIN 1.1242,1
DIN 1.1248,1
DIN 1.1249,1
DIN 1.1251,1
DIN 1.1252,1
DIN 1.1253,1
DIN 1.1255,1
DIN 1.1259,1
DIN 1.1262,1
DIN 1.1265,1
DIN 1.1268,1
DIN 1.1269,1
DIN 1.1272,1
DIN 1.1273,1
DIN 1.1274,1
DIN 1.1275,1
DIN 1.1282,1
DIN 1.1291,1
DIN 1.1520,1
DIN 1.1525,1
DIN 1.1535,1
DIN 1.1545,1
DIN 1.1550,1
DIN 1.1554,1
DIN 1.1555,1
DIN 1.1563,1
DIN 1.1573,1
DIN 1.1620,1
DIN 1.1625,1
DIN 1.1645,1
DIN 1.1654,1
DIN 1.1663,1
DIN 1.1673,1
DIN 1.1730,1
DIN 1.1740,1
DIN 1.1750,1
DIN 1.1819,1
DIN 1.1830,1
DIN 1.2002,1
DIN 1.2003,1
DIN 1.2004,1
DIN 1.2008,1
DIN 1.2018,1
DIN 1.2056,1
DIN 1.2057,1
DIN 1.2059,1
DIN 1.2060,1
DIN 1.2061,1
DIN 1.2063,1
DIN 1.2064,1
DIN 1.2082,1
DIN 1.2083,1
DIN 1.2085,1
DIN 1.2101,1
DIN 1.2108,1
DIN 1.2109,1
DIN 1.2125,1
DIN 1.2127,1
DIN 1.2201,1
DIN 1.2206,1
DIN 1.2210,1
DIN 1.2235,1
DIN 1.2241,1
DIN 1.2242,1
DIN 1.2250,1
DIN 1.2303,1
DIN 1.2304,1
DIN 1.2311,1
DIN 1.2312,1
DIN 1.2316,1
DIN 1.2319,1
DIN 1.2327,1
DIN 1.2332,1
DIN 1.2334,1
DIN 1.2340,1
DIN 1.2343,1
DIN 1.2344,1
DIN 1.2345,1
DIN 1.2346,1
DIN 1.2357,1
DIN 1.2358,1
DIN 1.2360,1
DIN 1.2361,1
DIN 1.2362,1
DIN 1.2363,1
DIN 1.2365,1
DIN 1.2367,1
DIN 1.2369,1
DIN 1.2376,1
DIN 1.2378,1
DIN 1.2380,1
DIN 1.2391,1
DIN 1.2397,1
DIN 1.2410,1
DIN 1.2414,1
DIN 1.2419,1
DIN 1.2436,1
DIN 1.2442,1
DIN 1.2453,1
DIN 1.2510,1
DIN 1.2511,1
DIN 1.2513,1
DIN 1.2515,1
DIN 1.2516,1
DIN 1.2519,1
DIN 1.2541,1
DIN 1.2542,1
DIN 1.2549,1
DIN 1.2550,1
DIN 1.2552,1
DIN 1.2562,1
DIN 1.2581,1
DIN 1.2601,1
DIN 1.2604,1
DIN 1.2631,1
DIN 1.2690,1
DIN 1.2695,1
DIN 1.2703,1
DIN 1.2711,1
DIN 1.2713,1
DIN 1.2714,1
DIN 1.2721,1
DIN 1.2738,1
DIN 1.2762,1
DIN 1.2764,1
DIN 1.2767,1
DIN 1.2791,1
DIN 1.2824,1
DIN 1.2825,1
DIN 1.2826,1
DIN 1.2833,1
DIN 1.2834,1
DIN 1.2835,1
DIN 1.2838,1
DIN 1.2842,1
DIN 1.2880,1
DIN 1.2885,1
DIN 1.2895,1
DIN 1.2901,1
DIN 1.2902,1
DIN 1.2939,1
DIN 1.2965,1
DIN 1.2968,1
DIN 1.2990,1
DIN 1.3202,1
DIN 1.3207,1
DIN 1.3208,1
DIN 1.3211,1
DIN 1.3222,1
DIN 1.3241,1
DIN 1.3243,1
DIN 1.3244,1
DIN 1.3245,1
DIN 1.3246,1
DIN 1.3247,1
DIN 1.3249,1
DIN 1.3255,1
DIN 1.3257,1
DIN 1.3265,1
DIN 1.3288,1
DIN 1.3292,1
DIN 1.3294,1
DIN 1.3302,1
DIN 1.3316,1
DIN 1.3318,1
DIN 1.3325,1
DIN 1.3326,1
DIN 1.3327,1
DIN 1.3333,1
DIN 1.3336,1
DIN 1.3339,1
DIN 1.3340,1
DIN 1.3341,1
DIN 1.3342,1
DIN 1.3343,1
DIN 1.3344,1
DIN 1.3345,1
DIN 1.3346,1
DIN 1.3347,1
DIN 1.3348,1
DIN 1.3351,1
DIN 1.3352,1
DIN 1.3355,1
DIN 1.3361,1
DIN 1.3377,1
DIN 1.3391,1
DIN 1.3392,1
DIN 1.3393,1
DIN 1.3394,1
DIN 1.3395,1
DIN 1.3397,1
DIN 1.3401,1
DIN 1.3501,1
DIN 1.3503,1
DIN 1.3505,1
DIN 1.3514,1
DIN 1.3518,1
DIN 1.3520,1
DIN 1.3536,1
DIN 1.3537,1
DIN 1.3539,1
DIN 1.3551,1
DIN 1.3553,1
DIN 1.3563,1
DIN 1.3565,1
DIN 1.3813,1
DIN 1.3964,1
DIN 1.3990,1
DIN 1.4000,1
DIN 1.4002,1
DIN 1.4005,1
DIN 1.4006,1
DIN 1.4007,1
DIN 1.4013,1
DIN 1.4015,1
DIN 1.4016,1
DIN 1.4021,1
DIN 1.4024,1
DIN 1.4028,1
DIN 1.4031,1
DIN 1.4037,1
DIN 1.4057,1
DIN 1.4062,1
DIN 1.4108,1
DIN 1.4109,1
DIN 1.4110,1
DIN 1.4111,1
DIN 1.4112,1
DIN 1.4113,1
DIN 1.4116,1
DIN 1.4122,1
DIN 1.4123,1
DIN 1.4125,1
DIN 1.4153,1
DIN 1.4162,1
DIN 1.4197,1
DIN 1.4301,1
DIN 1.4303,1
DIN 1.4305,1
DIN 1.4306,1
DIN 1.4307,1
DIN 1.4310,1
DIN 1.4311,1
DIN 1.4319,1
DIN 1.4333,1
DIN 1.4362,1
DIN 1.4372,1
DIN 1.4373,1
DIN 1.4401,1
DIN 1.4404,1
DIN 1.4410,1
DIN 1.4419,1
DIN 1.4424,1
DIN 1.4435,1
DIN 1.4436,1
DIN 1.4438,1
DIN 1.4460,1
DIN 1.4462,1
DIN 1.4466,1
DIN 1.4477,1
DIN 1.4482,1
DIN 1.4501,1
DIN 1.4507,1
DIN 1.4510,1
DIN 1.4512,1
DIN 1.4521,1
DIN 1.4528,1
DIN 1.4529,1
DIN 1.4535,1
DIN 1.4539,1
DIN 1.4541,1
DIN 1.4547,1
DIN 1.4550,1
DIN 1.4563,1
DIN 1.4565,1
DIN 1.4571,1
DIN 1.4658,1
DIN 1.4662,1
DIN 1.4713,1
DIN 1.4731,1
DIN 1.4742,1
DIN 1.4762,1
DIN 1.4828,1
DIN 1.4833,1
DIN 1.4835,1
DIN 1.4845,1
DIN 1.4876,1
DIN 1.4948,1
DIN 1.4959,1
DIN 1.5024,1
DIN 1.5026,1
DIN 1.5029,1
DIN 1.5634,1
DIN 1.6354,1
DIN 1.6511,1
DIN 1.6565,1
DIN 1.6580,1
DIN 1.7003,1
DIN 1.7006,1
DIN 1.7035,1
DIN 1.7039,1
DIN 1.7045,1
DIN 1.7102,1
DIN 1.7103,1
DIN 1.7140,1
DIN 1.7145,1
DIN 1.7176,1
DIN 1.7177,1
DIN 1.7223,1
DIN 1.7226,1
DIN 1.7227,1
DIN 1.7228,1
DIN 1.7238,1
DIN 1.7241,1
DIN 1.7701,1
DIN 1.7707,1
DIN 1.7709,1
DIN 1.7784,1
DIN 1.8159,1
DIN 1.8161,1
DIN 1.8404,1
DIN 1.8509,1
DIN 2.4360,1
DIN 2.4375,1
DIN 2.4618,1
DIN 2.4631,1
DIN 2.4632,1
DIN 2.4660,1
DIN 2.4663,1
DIN 2.4668,1
DIN 2.4816,1
DIN 2.4856,1
DIN 2.4858,1
DIN 30CrMo4,1
DIN 34CrMoS4,1
DIN X100CRMOV5,1
DIN X100KUCRMOV51,1
DIN X102CRMO17,1
DIN X105CRMO17,1
DIN X110CRMOV15,1
DIN X120CR12,1
DIN X12F1,1
DIN X13T6,1
DIN X150CRMOVCO12,1
DIN X155CRVMO121,1
DIN X15TN,1
DIN X15TNF,1
DIN X160CRMOV12,1
DIN X160CRMOV121,1
DIN X165CRCOMO12,1
DIN X165CRMOV12,1
DIN X169CRMV12,1
DIN X1F,1
DIN X200C12,1
DIN X200CM2,1
DIN X200CR12,1
DIN X20CR13,1
DIN X210CM2,1
DIN X210CR12,1
DIN X210CRW12,1
DIN X21CR13,1
DIN X38CR13,1
DIN X38CRV14,1
DIN X39CR13,1
DIN X40CR13,1
DIN X40CR14,1
DIN X40CRSIMO10,1
DIN X42CR13,1
DIN X45CR13,1
DIN X45CRMOV15,1
DIN X45NICRMO4,1
DIN X46CR13,1
DIN X50CRMOV15,1
DIN X50CRMOW911,1
DIN X55CRMO14,1
DIN X55CRMOV15,1
DIN X60CRWV7,1
DIN X63CRMOV51,1
DIN X64CRMO14,1
DIN X65CRMO14,1
DIN X6CRAL13,1
DIN X6VF,1
DIN X70CRMO15,1
DIN X90CRMOC18,1
DIN X90CRMOV18,1
DIN X91CRMOV18,1
DIN X96CRMOV12,1
DKD12,1
DM,1
DM1,1
DMO5,1
DMo5Co,1
DMo5V,1
DMo9V,1
DNH75,1
DNO10,1
DRX,1
DS Special,1
DSR1K2,1
DSR20,1
DSR20HA,1
DTC,1
DTC-AR,1
Darwin #1,1
Deward,1
Diamond SV,1
Diamond-S,1
Diecrat,1
Diehard Standard,1
Dimonant Hicrom,1
Dominial,1
Dominial CH,1
Dorrenberg,1
DuraTech 9,1
DuraTech Pyrovan HC,1
DuraTech Xtreme,1
DureX,1
Dynamax,1
E #6,1
E Corsair XL,1
E Crusader XL,1
E. Double Six M-2XL,1
E. Tatmo XL,1
EG2,1
EK81,1
ELB Spezial,1
EM1,1
EM2,1
EM3:2,1
EM4,1
EM42,1
EM7,1
EN -47,1
EN 19,1
EN 24,1
EN 31,1
EN 42,1
EN 43,1
EN 45,1
EN 8,1
EN 9,1
EP67,1
EPM,1
EPS52,1
EPS62,1
ES120K,1
ES120K ESR,1
ES275K ESR,1
ES50S,1
ES50SW,1
ES60S,1
ES65S,1
ES70S,1
ESC,1
ESS,1
ESSSpez,1
ESV2,1
EZ-Die,1
Electrite Dynamax,1
Electrite Tatmo XL,1
Excelo,1
Exldie,1
Exocut,1
Extra Carbon,1
Extra RCC,1
Extra-Edel10S,1
Ezh Special,1
F.3404,1
F.520S,1
F65,1
FAX18,1
FAX31,1
FCC-66,1
FCC-EZ,1
FM38V,1
FM72,1
FM78,1
FMP200,1
FMP338,1
Falcon 6&4,1
Formadur 2083,1
Formadur 2361,1
Formadur 2711,1
Four Star,1
Fram Die,1
G1 Special SVL,1
GB/T 30Cr13,1
GB/T 30CrMo,1
GB/T 40Cr13,1
GB/T 50Mn,1
GB/T 9943-2008,1
GB/T 9Cr18,1
GB/T GB/T 1220-2007,1
GC15,1
GFA,1
GGD-D2,1
GGD-D6,1
GGD-M2,1
GGD-O1,1
GGD-S1,1
GKS,1
GKS-Spezial,1
GO3,1
GO31,1
GOA,1
GOST 03Х17Н13М2,1
GOST 08Х17Н13М2,1
GOST 08Х17Н13М2Т,1
GOST 08Х18Н10,1
GOST 100Х13М,1
GOST 10Х13,1
GOST 10Х17Н13М2Т,1
GOST 110Х18,1
GOST 110Х18М,1
GOST 110Х18МШД,1
GOST 11Х4В2МФ3С2,1
GOST 12Х1,1
GOST 12Х13,1
GOST 12Х17,1
GOST 12Х18Н10Е,1
GOST 12Х18Н9,1
GOST 15Х17Н7,1
GOST 20H13,1
GOST 20Х13,1
GOST 20Ч13,1
GOST 30Х13,1
GOST 30ХМА,1
GOST 35ХМ,1
GOST 35ЧМ,1
GOST 38Х2Н2МА,1
GOST 3Х3М3Ф,1
GOST 40Х10С2М,1
GOST 40Х13,1
GOST 40Х16М,1
GOST 40Ч13,1
GOST 45Х2Н4МА,1
GOST 45Ч2Н4МА,1
GOST 4Х2ВС,1
GOST 4Х5МФ1С,1
GOST 4Х5МФС,1
GOST 50Х14МФ,1
GOST 5KhNM,1
GOST 5Х3М2Ф,1
GOST 5ХВ2СФ,1
GOST 60Г,1
GOST 65ГА,1
GOST 65Х13,1
GOST 6ЧВ2С,1
GOST 70Х16МФС,1
GOST 7Х3,1
GOST 85Х4М5Ф2В6Л,1
GOST 8ХФ,1
GOST 90Х4М4Ф2В6Л,1
GOST 95Х18,1
GOST 95Х5ГМ,1
GOST 9Г2Ф,1
GOST 9Х1,1
GOST 9Х2,1
GOST 9Х4М3Ф2АГСТ,1
GOST 9Х5ВФ,1
GOST 9ХВГ,1
GOST 9ХГВФ,1
GOST 9ХФМ,1
GOST P1008,1
GOST P1008R,1
GOST P500,1
GOST P550,1
GOST P552,1
GOST P576,1
GOST P5M,1
GOST P720,1
GOST Н12МФ,1
GOST Н12Ф1,1
GOST Р0М2СФ10,1
GOST Р2М10К8Ф,1
GOST Р2М9,1
GOST Р6М5К5,1
GOST Р9М4К8,1
GOST У10,1
GOST У10-1,1
GOST У12А-1,1
GOST У12А-2,1
GOST У13А-1,1
GOST У13А-2,1
GOST У8-1,1
GOST У8А,1
GOST У8А-1,1
GOST Х12,1
GOST Х121ВМФ,1
GOST Х12ВМ,1
GOST Х12ВМФ,1
GOST Х12МФ,1
GOST Х12МФ4,1
GOST Х12Ф1,1
GOST Х1Ф,1
GOST Х6ВФ,1
GOST Х6Ф4М,1
GPM10,1
GPM2,1
GPM23,1
GPM4,1
GPM42,1
GPM440,1
GPM48,1
GPM7,1
GPM9,1
GPMD2,1
GPMD3,1
GPMD7,1
GS Hand & Heart,1
GS-2080,1
GS1,1
GS3V,1
GS5V,1
GSN,1
GSN+Mo,1
Galahad D,1
Giant M5,1
GigantM9V,1
Grade124,1
Granada Vanadium,1
Grane,1
Graph-Air,1
Gray Diamond,1
Green Label,1
H&R 8,1
H&R Carbon,1
H&R Heading Die,1
H&R K,1
H&R K-2,1
H&R K-3,1
H&R MolyHI,1
H&R No.15,1
H&R No.225,1
H&R No.44,1
H&R No.57,1
H&R No.60,1
H&R No.61,1
H&R No.7,1
H&R Oil Hardening,1
H&R Piston,1
H&R Special Carbon,1
H&R Tungsten Oil Hardening,1
H-9 Double Header,1
H12,1
HAP40,1
HCHC,1
HI-PM31,1
HI-PM38,1
HI-PM38S,1
HICRO 230,1
HM1,1
HM2,1
HM3,1
HM35,1
HMHS,1
HPM2T,1
HPM38,1
HS-105,1
HS-23,1
HS29-XL,1
HS6-5-2-5HC,1
HS6-5-2C,1
HS6-5-2HC,1
HS6-5-3C,1
HS652C,1
HS98M,1
HYC1,1
HYCC,1
HYCV,1
HYM2E,1
HYM3-2,1
HYM42,1
HYM7,1
Halcomb SS Tool,1
Halgraph,1
Halvan,1
Hampden,1
Hardite,1
Hargus,1
Hecla125,1
Hecla15,1
Hecla159,1
Hecla175,1
Hecla67B,1
Hercules,1
Hi-Mo,1
Hi-Shock,1
Hot Form No 3,1
Hotform,1
Huron,1
HuronV,1
Hy-Ten Impact,1
Hypercut,1
ICW,1
ISO HS1-8-1,1
ISO HS100,1
ISO HS2-9-1-8,1
ISO HS2-9-2,1
ISO HS29,1
ISO HS55,1
ISO HS6-5-2,1
ISO HS6-5-2-5,1
ISO HS6-5-3,1
ISO HS6-5-4,1
ISO HS6-6-2,1
ISO HS652,1
ISO HS654,1
ITS Special,1
IXF,1
IntensivSupraV,1
IntensivWo,1
Invaro 2,1
Irrubigo,1
Isoplast,1
Isorapid,1
J.S. Punch,1
J34,1
JA,1
JE,1
JEC,1
JIS G 4051,1
JIS SCM420,1
JIS SCM430,1
JIS SKD11,1
JIS SKH50,1
JIS SKH51,1
JIS SKH52,1
JIS SKH53,1
JIS SKH54,1
JIS SKH55,1
JIS SKH57,1
JIS SKH58,1
JIS SKH59,1
JIS SKH9,1
JIS SUS420J1,1
JIS SUS420J2,1
JIS SUS440A,1
JIS SUS440B,1
JIS SUS440C,1
JanusV,1
JanusV3,1
Jess Air,1
Jessop M3,1
K4 Special,1
K720SA,1
K970,1
KD11,1
KD11S,1
KD11V,1
KD12,1
KE672,1
KEA145,1
KEA162,1
KEA180,1
KHA30,1
KLAH,1
KM1,1
KM2,1
KMC3,1
KMV,1
KMVSupra,1
KMW,1
KP,1
KS3,1
KSP1,1
KSX38,1
KTSM420,1
KTV,1
Kaylos2083,1
Ketos,1
Keylock,1
Keystone,1
Keystone Alloy Chisel,1
Kiski,1
Komo42,1
Korronit-C,1
Korronit-H,1
Krome Die,1
L1,1
L2,1
L6,1
L7,1
LC 200 N,1
LC-Spezial,1
LC120S,1
LC200N,1
LCN45,1
LMW,1
LMW-V,1
LO-K 2842,1
LO-QPM,1
LO-R,1
LO-R 4112,1
LO-S 3243,1
LO-S 3342,1
LO-S 3344,1
LSD,1
LSI PMA A18,1
LSS D2,1
LSS D3,1
LV-04,1
LaBelle Cold Header Die,1
LaBelle Cold Striking,1
Labelle,1
Lanark,1
Larport,1
Lehigh-H,1
Lescowear,1
Lion Vanadium,1
LokDie,1
Low Air,1
Lubridie,1
Lukens O-1,1
Lukens S7,1
Lusco,1
M2 Eur,1
M35T,1
M390 Isomatrix,1
M390MK,1
M3:2,1
M3:2+Co,1
M3CL1,1
M3CL2,1
M4PM,1
M5C0,1
M63V,1
MA5MV,1
MAC-A,1
MAC-C,1
MAXSMo5S,1
MAXSP75D,1
MAXSP75MO,1
MAXSPMo5,1
MBS-30,1
MC63,1
MC66,1
MCT,1
MDS9,1
MH51,1
MH55,1
MH57,1
MH8,1
MJW OH,1
MK97,1
MNV8,1
MOVA-58,1
MOVA58,1
MPL-1,1
MRS-30,1
MV-58,1
MV10,1
MVS-8,1
Mach2,1
Mach3,1
ManSil,1
Mangano,1
Maple Leaf,1
Marss-500,1
Maxamet,1
Maximum Special Mo5,1
Maxtuff,1
Measure,1
Mega4,1
Metamold,1
Micro-Melt 20-4p,1
Micro-Melt A11 LVC,1
Micro-Melt HS-23,1
Micro-Melt M2,1
Micro-Melt M3:2,1
Micro-Melt Maxamet,1
Micro-Melt PD#1,1
MicrofineD2,1
Mirrax-40,1
Mo42,1
Mogul,1
Mohican,1
Molex #7,1
Molex #8,1
Molite,1
Molva C,1
Molycut562,1
Monark-2,1
Montana,1
Motor Magnus,1
Motuf,1
Motung CV,1
Mushet MKK,1
Mustang,1
N,1
N320,1
N360,1
N360 IsoExtra,1
N400,1
N540,1
N555,1
N55D,1
N685 EXTRA,1
N685 ISOEXTRA,1
N690,1
N690Bo,1
N690Co,1
N692,1
N695,1
NC11LV,1
NC4,1
NCLV,1
NCM4,1
NCV1,1
NCV60,1
NDS,1
NH,1
NHMo,1
NIROSTA4034,1
NIROSTA4108,1
NIROSTA4112,1
NK,1
NK11,1
NKE3,1
NLKH,1
NM230WCoS,1
NM240V,1
NMV,1
NMWV,1
NPV,1
NRM,1
NRW,1
NU-DIE XTRA,1
NVONOX,1
NW1,1
NZ2,1
Narva12A,1
Narva12B,1
Narva8A,1
Narva8B,1
Neor,1
Newhall,1
Nickel 205,1
Nickel 212,1
Nickel 222,1
Nicordie,1
Nicroman,1
Nikro M,1
Niolox,1
Nitro,1
Nitrocut,1
Nitronic,1
Nitroy 40B,1
No. 11 Special,1
No. 6 Non-Shrink,1
No. 610,1
No. 610-FM,1
No. 884,1
Nomar,1
Noresco Dominator,1
Noresco Dominator VM,1
Noresco Dominator Z,1
Noresco Favorit,1
Noresco Parforce Special,1
Noresco Tyrant Extra,1
NorescoDHS,1
O6,1
O6-Graphite,1
O7,1
OA2,1
OC100ES,1
OC100EX,1
OC70,1
OC80,1
OCR,1
OCR12,1
OCR12SP,1
OCR12VM,1
OLC50X,1
OLC55X,1
OLC55XS,1
OLC60,1
OSC10,1
Ohio Die,1
Ohio Die Cobalt,1
Oil-Graph,1
Oilcrat,1
Ok Crown,1
Olympic,1
Olympic FM,1
Omega,1
One Five One,1
Ontario,1
Ontario Low Carb,1
Orion,1
Orleans,1
PCSK,1
PD#1,1
PD1,1
PK4EX,1
PM M62,1
PM1-2-2,1
PM10,1
PM14-2-3CrMoVN,1
PM14-2-4CrMoV,1
PM23,1
PM30,1
PM420CW,1
PM7.5-1.3-2.75CrMoV,1
PMA 18,1
PMA11,1
PMC-27,1
PMC145,1
PMC27,1
PMCo189,1
PMD10,1
PMD23,1
PMD30,1
PMD440,1
PMD9,1
PMV9,1
PSF27,1
PSF59,1
PTE,1
PV6,1
Panzer36,1
Par-Exc,1
Paragon,1
Plancher,1
Pluto Plus,1
Pneumo,1
PreMar 440C,1
Presco,1
Presto,1
Presto Chrome Bearing,1
Prompton,1
Prompton Extra,1
Prompton Special,1
Pyrovan HC,1
Python,1
QC1,1
QC11,1
QC12,1
QH51,1
R.D.S. Tool Steel,1
R14,1
R17X,1
R2,1
R31,1
R45,1
R6,1
R8,1
RA6,1
RA6W,1
RAB1,1
RABW,1
RAZ1,1
RAZM,1
RAZU,1
RCC Supra,1
RD11,1
REMANIT4034,1
REMANIT4112,1
RF-Spezial,1
RF90,1
RFB,1
RFSh1,1
RFSh2,1
RFSh6,1
RH,1
RH Special,1
RHM1,1
RHM5,1
RHM7,1
RM13H,1
RM189,1
RM42,1
RMO,1
RMO-Co5,1
RO4154,1
RS30,1
RUS,1
RUS-3,1
RWL-34,1
RamaxHH,1
RamaxLH,1
RamaxS,1
Rapidur 3343,1
Rapidur 3344,1
Red Label,1
Red Label V,1
Red Shadow,1
Red Star,1
Red Star Tool,1
Red Star Tungsten,1
Regin 3,1
Regular,1
Remanit 4021,1
Remanit4125,1
Renown,1
Rex 121,1
Rex 66,1
Rex M3,1
Rex M3-1,1
Rex M3S1,1
Rex M42,1
Rex M7,1
Rex TMO,1
Rigor,1
Riptide,1
Ruetom Special,1
S-136,1
S.O.D.,1
S1,1
S1-8-1,1
S125V,1
S2-1-1-8,1
S2-9-2,1
S35VN,1
S400,1
S401,1
S5,1
S50C,1
S58C,1
S6-5-2,1
S6-5-2-5,1
S6-5-3,1
S600,1
S601,1
S607,1
S60C,1
S60V,1
S692 MICROCLEAN,1
S7,1
S705 Isorapid,1
S70C,1
S75C,1
SB1,1
SC13,1
SC25,1
SC26,1
SC6-5-2,1
SCD,1
SCM2,1
SCM435H,1
SCM435M,1
SDM,1
SF27,1
SG1,1
SG2,1
SGPS,1
SGT,1
SK1,1
SK10V,1
SK120,1
SK140,1
SK2,1
SK3,1
SK4,1
SK5,1
SK5M,1
SK70,1
SK8M,1
SK95,1
SKD1,1
SKD12,1
SKD2,1
SKS3,1
SKS31,1
SKS4,1
SKS43,1
SKS44,1
SKS93,1
SKS94,1
SKT4,1
SKT6,1
SLD,1
SLD10,1
SLD2,1
SM3,1
SM50C,1
SM55C,1
SMHW,1
SNSC,1
SPCR,1
SPM,1
SPM23,1
SPM30,1
SR-3V,1
SR-77,1
SR3V,1
SR77,1
SRS-15,1
SRS15,1
SSLB50,1
SSR-M-5,1
SSR625Co,1
STD1,1
STD10,1
STD11,1
STR3,1
STS440B,1
SUH3,1
SUP3,1
SVX526,1
SVX526Ex,1
SVX526St,1
SVX822,1
SWRH77,1
SY4,1
SY5 Ultrad,1
SZ4,1
Sagamore,1
SagamoreV,1
Sanderson Extra,1
Saratoga,1
Saxman6R,1
Searcher,1
Select B,1
Seminole Hard,1
Seven Star,1
Shiro-Ko 1,1
Shiro-Ko 2,1
Shiro-Ko 3,1
Shiro2,1
Shirogami 3,1
Shiroichiko,1
Shironiko,1
Shockpunch,1
Silvan Star,1
Silver Steel,1
Sinter30,1
Sleipner,1
Slitter Knife #46,1
Somcold,1
Sp. Alloy-10,1
Sparta,1
Special Carbon,1
Special Draco,1
Special K,1
Special Oil Hard,1
Spectrumwear,1
Speed Star,1
Stabil,1
Stabil K,1
Stabil SP,1
Stabil Special,1
Stag Mo562,1
Standard Draco,1
Star-Max,1
Star-Mo M2,1
Stark,1
Stavax,1
Stellapur PM10,1
Stellapur PM23,1
Stellite,1
Stellite 6B,1
Sterling,1
Sterling-V,1
Stora 16,1
Stora18,1
Stora29,1
Stora30,1
Stora62,1
Stora62G,1
Stora65,1
Stora67,1
Super 7,1
Super 7 MQ,1
Super Chromium,1
Super Diamant,1
Super Speed Star,1
Super Star Mo M-25,1
Super TKL,1
Superb,1
Superdie,1
Superior,1
Superior #3,1
Superior Tool,1
Supershock S7,1
Supra2,1
Supra3,1
Supra4,1
Supra5,1
Supracor,1
Sverker21,1
Sverker3,1
T.E.M.C,1
T100,1
T10MO,1
T440V,1
T70,1
T75CV,1
T97,1
TBC,1
TBM,1
TBM1,1
TEM92,1
TES2083,1
TKL,1
TKM3243,1
TMCN1,1
TOH,1
TPM,1
TRM,1
TRM2,1
TSP10,1
TSP23,1
TSP2380,1
TSP3W,1
TSP4,1
TWZ-3HS,1
TZ100,1
Tapdie,1
Tatmo V,1
Tempair,1
Teton,1
Three Star,1
Thyrapid3313,1
Thyrapid3346,1
Thyrodur1615,1
Thyrodur2080,1
Thyrodur2136,1
Thyrodur2235,1
Thyrodur2363,1
Thyrodur2379,1
Thyrodur2436,1
Thyrodur2510,1
Thyrodur2550,1
Thyrodur2767,1
Thyrodur2833,1
Thyrodur2838,1
Thyrodur2842,1
Tioga,1
Tirfing,1
Top Notch,1
Tough-M,1
Triple Die,1
Truform,1
Truglide,1
Truwear,1
Tungsten Tap And Die,1
U.D.R.,1
UC70KU,1
UGINOX,1
UHB Regin 3,1
UHB Water,1
UHB151,1
UHB1550,1
UHB20,1
UHB20C,1
UHB29,1
UHB424,1
UNS G10180,1
UNS G10200,1
UNS G10300,1
UNS G10350,1
UNS G10400,1
UNS G10420,1
UNS G10450,1
UNS G10460,1
UNS G10490,1
UNS G10500,1
UNS G10530,1
UNS G10550,1
UNS G10600,1
UNS G10640,1
UNS G10650,1
UNS G10690,1
UNS G10700,1
UNS G10740,1
UNS G10750,1
UNS G10780,1
UNS G10800,1
UNS G10840,1
UNS G10850,1
UNS G10860,1
UNS G10900,1
UNS G10950,1
UNS G15660,1
UNS G41300,1
UNS G41400,1
UNS G41420,1
UNS G41450,1
UNS G41500,1
UNS G41610,1
UNS G43370,1
UNS G43400,1
UNS G50986,1
UNS G51400,1
UNS G51500,1
UNS G51550,1
UNS G51600,1
UNS G51986,1
UNS G52986,1
UNS G61500,1
UNS G86700,1
UNS G92550,1
UNS J91150,1
UNS J91153,1
UNS J91540,1
UNS J91803,1
UNS J92616,1
UNS K88165,1
UNS N02200,1
UNS N02201,1
UNS N02205,1
UNS N04400,1
UNS N05500,1
UNS N06007,1
UNS N06075,1
UNS N06600,1
UNS N06617,1
UNS N06625,1
UNS N07080,1
UNS N07090,1
UNS N07718,1
UNS N08020,1
UNS N08026,1
UNS N08028,1
UNS N08035,1
UNS N08367,1
UNS N08700,1
UNS N08800,1
UNS N08811,1
UNS N08825,1
UNS N08904,1
UNS N08925,1
UNS N08926,1
UNS N10001,1
UNS N10276,1
UNS S17700,1
UNS S20100,1
UNS S20200,1
UNS S20910,1
UNS S30100,1
UNS S30200,1
UNS S30215,1
UNS S30300,1
UNS S30323,1
UNS S30400,1
UNS S30403,1
UNS S30409,1
UNS S30451,1
UNS S30453,1
UNS S30500,1
UNS S30800,1
UNS S30815,1
UNS S30900,1
UNS S30908,1
UNS S31000,1
UNS S31002,1
UNS S31008,1
UNS S31050,1
UNS S31200,1
UNS S31254,1
UNS S31260,1
UNS S31400,1
UNS S31500,1
UNS S31600,1
UNS S31603,1
UNS S31609,1
UNS S31635,1
UNS S31700,1
UNS S31703,1
UNS S31725,1
UNS S31726,1
UNS S31803,1
UNS S32001,1
UNS S32003,1
UNS S32004,1
UNS S32100,1
UNS S32101,1
UNS S32202,1
UNS S32205,1
UNS S32304,1
UNS S32506,1
UNS S32520,1
UNS S32550,1
UNS S32707,1
UNS S32750,1
UNS S32760,1
UNS S32808,1
UNS S32900,1
UNS S32906,1
UNS S32950,1
UNS S33207,1
UNS S34700,1
UNS S35315,1
UNS S39274,1
UNS S39277,1
UNS S40300,1
UNS S40500,1
UNS S40900,1
UNS S41000,1
UNS S41001,1
UNS S41400,1
UNS S41500,1
UNS S41600,1
UNS S42000,1
UNS S42200,1
UNS S42900,1
UNS S43000,1
UNS S43035,1
UNS S43036,1
UNS S43100,1
UNS S43400,1
UNS S43600,1
UNS S44002,1
UNS S44003,1
UNS S44004,1
UNS S44200,1
UNS S44400,1
UNS S44600,1
UNS S44626,1
UNS S44635,1
UNS S44660,1
UNS S44700,1
UNS S44726,1
UNS S44735,1
UNS S44800,1
UNS S82011,1
UNS T11301,1
UNS T11302,1
UNS T11304,1
UNS T11306,1
UNS T11307,1
UNS T11308,1
UNS T11310,1
UNS T11313,1
UNS T11315,1
UNS T11323,1
UNS T11330,1
UNS T11333,1
UNS T11334,1
UNS T11336,1
UNS T11341,1
UNS T11342,1
UNS T11343,1
UNS T11344,1
UNS T11345,1
UNS T11346,1
UNS T11347,1
UNS T11348,1
UNS T11350,1
UNS T11352,1
UNS T11362,1
UNS T12001,1
UNS T12002,1
UNS T12003,1
UNS T12004,1
UNS T12005,1
UNS T12006,1
UNS T12007,1
UNS T12008,1
UNS T12009,1
UNS T12015,1
UNS T20810,1
UNS T20811,1
UNS T20813,1
UNS T21200,1
UNS T30102,1
UNS T30103,1
UNS T30104,1
UNS T30105,1
UNS T30106,1
UNS T30107,1
UNS T30108,1
UNS T30109,1
UNS T30110,1
UNS T30111,1
UNS T30401,1
UNS T30402,1
UNS T30403,1
UNS T30404,1
UNS T30405,1
UNS T30406,1
UNS T30407,1
UNS T31501,1
UNS T31502,1
UNS T31506,1
UNS T31507,1
UNS T41901,1
UNS T41902,1
UNS T41903,1
UNS T41904,1
UNS T41905,1
UNS T41906,1
UNS T41907,1
UNS T60601,1
UNS T61201,1
UNS T61202,1
UNS T61203,1
UNS T61205,1
UNS T61206,1
UNS T61207,1
UNS T72301,1
UNS T72302,1
UNS T72303,1
UNS T72304,1
UNS T72305,1
UNS T72306,1
UNS T72307,1
US2000,1
Uginox MA2,1
Ultradie 2,1
Ultradie 3,1
Ultradie1,1
Ultradie1M,1
Uni-Die,1
Unicut,1
Usaspead,1
Utica,1
UtopEx1,1
V,1
V No. 1 Silver,1
V-Gin1,1
V1,1
V1 Silver,1
V33,1
V340SB,1
V35,1
VAL41D,1
VC-131,1
VC120S,1
VC150,1
VC5,1
VCMO125,1
VD2,1
VETD,1
VK4Extra,1
VK5E,1
VKM42,1
VM12D,1
VM20,1
VMC,1
VMM2,1
VP420,1
VP420IM,1
VS7,1
VW3,1
VWM3C,1
VWM7,1
Vampire,1
VanCut,1
Vanadis 30,1
Vanadium Type Auto,1
Vanadium Type H,1
Vanchip,1
Vasco M2,1
Vasco M7,1
Vasco Wear,1
Vascowear,1
Vega,1
Vertex,1
Victor,1
Vital,1
VitalX,1
W Tap,1
W1,1
W110,1
W2,1
W2Mo8Cr4V,1
W2Mo9Cr4VCo8,1
W3-221,1
W3-2225,1
W3-2237,1
W4,1
W5,1
W7,1
W9,1
WCR20,1
WCR36,1
WCR79,1
WM40,1
WNL,1
WNL1,1
WR Special,1
Wando,1
Washington,1
Washington Spec.,1
Watercrat,1
Waterdie Extra,1
Weartec SF,1
Weld Mold 935,1
Weld Mold 938,1
White 1,1
White 2,1
White 3,1
Whitebear,1
Windsor,1
X130WMoCrV 06-05-04-03,1
X15,1
X155CrVMo121KU,1
X160CrMoV12-28,1
X210Cr13KU,1
X30CrMoNi1-5-1,1
XBCGF,1
XC100,1
XC60,1
XC75,1
XC85,1
XC90,1
XDBD,1
XL-Chisel,1
XT-70,1
XT-80,1
XVC11,1
XVC5,1
XVSG,1
XW10,1
XW41,1
XW42,1
XW5,1
Xarnie,1
Y105,1
Y105C,1
Y105V,1
Y120V,1
Y70,1
YC3,1
YK3,1
YK30,1
YK4,1
YTO1,1
YXM1,1
YXM27,1
YXM4,1
YXM42,1
YXMT,1
Z,1
Z-10 PM,1
Z-420PM,1
Z-A11,1
Z-A11LVPM,1
Z-FiNit,1
Z-Max,1
Z-Ultramax,1
Z-Ultramax PM Speed,1
Z-Wear,1
Z100CD14.4,1
Z100CD17,1
Z100CDV5,1
Z100CDV5.1,1
Z155CDV12,1
Z160CDV12,1
Z160CKDV12.03,1
Z210CrW1201,1
Z2CND1805,1
Z60CDV14,1
Z80WDCV6,1
Z85WCDV6AIR,1
Z85WDCV,1
Z85WDKCV06,1
Z8CA12,1
Z90WDCV,1
ZA-18,1
ZCD-M,1
ZDP-189,1
ZDP189,1
ZF51,1
ZK,1
Ziv Steel,1
Zivan 45,1
Zivco Vanadium,1
Zivs M42,1
ДИ100-МР,1
ДИ101-МР,1
ДИ102-МР,1
ДИ103-МР,1
ДИ70-МР,1
ЕИ515,1
ИHF,1
Н12ВМ,1
НВСГ,1
НВСГФ,1
Р12М3К5Ф2-МР,1
Р12МФ5-МР,1
Р2М10К8Ф-МР,1
Р6М5К5-МР,1
Р6М5Ф3-МР,1
Р7М2Ф6-МР,1
Р9М4К8-МР,1
ХВСГ,1
ХВСГФ,1
