grade;source;link
ОсА-0;splav;http://www.splav-kharkov.com/mat_start.php?name_id=2877
АПС-3;splav;http://www.splav-kharkov.com/mat_start.php?name_id=3051
БрО10С12Н3;splav;http://www.splav-kharkov.com/mat_start.php?name_id=1515
В-3;splav;http://www.splav-kharkov.com/mat_start.php?name_id=3052
Р3;splav;http://www.splav-kharkov.com/mat_start.php?name_id=2866
Р2;splav;http://www.splav-kharkov.com/mat_start.php?name_id=2865
PbSn10;splav;http://www.splav-kharkov.com/mat_start.php?name_id=1659
БКА;splav;http://www.splav-kharkov.com/mat_start.php?name_id=1423
АПС-1А;splav;http://www.splav-kharkov.com/mat_start.php?name_id=3048
Р0;splav;http://www.splav-kharkov.com/mat_start.php?name_id=2863
АПС-2;splav;http://www.splav-kharkov.com/mat_start.php?name_id=3050
БрС60Н2.5;splav;http://www.splav-kharkov.com/mat_start.php?name_id=1516
МН10;splav;http://www.splav-kharkov.com/mat_start.php?name_id=1314
СрА-3;splav;http://www.splav-kharkov.com/mat_start.php?name_id=2465
СрА-4;splav;http://www.splav-kharkov.com/mat_start.php?name_id=3366
ОсА-2;splav;http://www.splav-kharkov.com/mat_start.php?name_id=2879
Р1;splav;http://www.splav-kharkov.com/mat_start.php?name_id=2864
Зл999.9м;splav;http://www.splav-kharkov.com/mat_start.php?name_id=2604
ВО-13;splav;http://www.splav-kharkov.com/mat_start.php?name_id=3054
БрО6С6Ц3;splav;http://www.splav-kharkov.com/mat_start.php?name_id=1409
ВОК-60;splav;http://www.splav-kharkov.com/mat_start.php?name_id=3053
Conqueror SuperClean;csv;
ЗлА-3;splav;http://www.splav-kharkov.com/mat_start.php?name_id=2645
АПС-1Б;splav;http://www.splav-kharkov.com/mat_start.php?name_id=3049
PbIn7;splav;http://www.splav-kharkov.com/mat_start.php?name_id=1661
СрА-1;splav;http://www.splav-kharkov.com/mat_start.php?name_id=2463
ОсА-1;splav;http://www.splav-kharkov.com/mat_start.php?name_id=2878
А999;splav;http://www.splav-kharkov.com/mat_start.php?name_id=1209
СрА-2;splav;http://www.splav-kharkov.com/mat_start.php?name_id=2464
